{
    "any_group_can_deploy": true,
    "auto_historical_resources": false,
    "blueprint_image": null,
    "deployment_items": [
        {
            "action_name": "Add an Azure ResourceGroup Code",
            "continue_on_failure": false,
            "deploy_seq": 1,
            "description": null,
            "execute_in_parallel": false,
            "id": "BDI-1s6i86j0",
            "name": "Add an Azure ResourceGroup Code",
            "run_on_scale_up": true,
            "show_on_order_form": true,
            "tier_type": "plugin"
        }
    ],
    "description": "",
    "favorited": false,
    "id": "BP-0xad2vkh",
    "is_manageable": true,
    "is_orderable": true,
    "labels": [],
    "last_updated": "2023-05-22",
    "management_actions": [],
    "maximum_version_required": "",
    "minimum_version_required": "8.6",
    "name": "Add an Azure ResourceGroup",
    "resource_name_template": null,
    "resource_type": {
        "icon": "glyphicon glyphicon-th",
        "id": "RT-yt5rixp8",
        "label": "Azure Resource Group",
        "lifecycle": "ACTIVE",
        "list_view_columns": [],
        "name": "azure_resource_group",
        "plural_label": null
    },
    "sequence": 0,
    "show_recipient_field_on_order_form": false,
    "teardown_items": []
}